{
    "Note": "eval_data: [iou, TP, FN, FP, TN]",
    "actual number of mask": [
        1264
    ],
    "actual number of nomask": [
        1091
    ],
    "eval_data": [
        [
            [
                0.05,
                1572,
                14,
                165,
                1229
            ],
            [
                0.1,
                1441,
                9,
                127,
                1100
            ],
            [
                0.15,
                1381,
                9,
                102,
                1050
            ],
            [
                0.2,
                1333,
                5,
                76,
                995
            ],
            [
                0.25,
                1314,
                5,
                69,
                942
            ],
            [
                0.3,
                1267,
                3,
                54,
                860
            ]
        ]
    ],
    "eval_metrics": [
        {
            "iou": [
                0.05,
                0.1,
                0.15,
                0.2,
                0.25,
                0.3
            ],
            "accuracy": [
                0.9399328859060403,
                0.9491968621591333,
                0.9563335955940204,
                0.9663760896637609,
                0.9682403433476395,
                0.9739010989010989
            ],
            "recall": [
                0.9911727616645649,
                0.9937931034482759,
                0.9935251798561151,
                0.9962630792227205,
                0.9962092494313874,
                0.9976377952755906
            ],
            "fpr": [
                0.11836441893830703,
                0.10350448247758762,
                0.08854166666666667,
                0.07096171802054155,
                0.06824925816023739,
                0.05908096280087528
            ],
            "precision": [
                0.9050086355785838,
                0.9190051020408163,
                0.9312204989885368,
                0.9460610361958836,
                0.9501084598698482,
                0.9591218773656321
            ],
            "f1": [
                0.9461330123382485,
                0.9549370444002651,
                0.9613644274277758,
                0.9705132872224245,
                0.9726128793486306,
                0.9780007719027403
            ]
        }
    ]
}