{
    "train_loss": [
        0.5022262320257723,
        0.4096052308396902,
        0.34163934171944854,
        0.30053677866305223,
        0.30832380161818584,
        0.37736060621519574,
        0.2683911251897807,
        0.19079435207601636,
        0.1485010068579577,
        0.1749093359108083,
        0.191343168720603,
        0.16726151362247765,
        0.1929027886511758,
        0.11510844912519679,
        0.15389404175290838,
        0.137067704455927,
        0.15233449457213283,
        0.12212989969924093,
        0.16963271470973268,
        0.18716989905806258,
        0.1680268253297545,
        0.12920231902226806,
        0.1753225105945021,
        0.15539298792276532,
        0.14040161656029523
    ],
    "val_loss": [
        0.6642703957330741,
        0.051338258627802134,
        0.06584995658136904,
        0.09813566744902345,
        0.052689051094348544,
        0.035853148143651196,
        0.0473544357335777,
        0.051232909593963996,
        0.029230069131590427,
        0.035431147314375265,
        0.029266776103759183,
        0.02656960965599865,
        0.02379307003458962,
        0.03179889541934244,
        0.03004467560269404,
        0.02751287624319957,
        0.017946536515664774,
        0.0231241103541106,
        0.04091141943077673,
        0.028331416361033916,
        0.0255953091441188,
        0.02276947138365358,
        0.020807412920985372,
        0.021293814750388263,
        0.03116440528072417
    ],
    "train_acc": [
        0.8209999799728394,
        0.859000027179718,
        0.871999979019165,
        0.902999997138977,
        0.902999997138977,
        0.8920000195503235,
        0.9150000214576721,
        0.9309999942779541,
        0.9340000152587891,
        0.925000011920929,
        0.9190000295639038,
        0.9319999814033508,
        0.9150000214576721,
        0.9589999914169312,
        0.9440000057220459,
        0.949999988079071,
        0.9509999752044678,
        0.949999988079071,
        0.9259999990463257,
        0.9290000200271606,
        0.9350000023841858,
        0.953000009059906,
        0.9300000071525574,
        0.9330000281333923,
        0.9369999766349792
    ],
    "val_acc": [
        0.6850000023841858,
        0.9900000095367432,
        0.9850000143051147,
        0.9599999785423279,
        0.9850000143051147,
        0.9850000143051147,
        0.9900000095367432,
        0.9850000143051147,
        0.9950000047683716,
        0.9950000047683716,
        0.9950000047683716,
        1.0,
        0.9950000047683716,
        0.9950000047683716,
        0.9950000047683716,
        0.9950000047683716,
        1.0,
        1.0,
        0.9950000047683716,
        0.9950000047683716,
        0.9950000047683716,
        1.0,
        1.0,
        1.0,
        0.9950000047683716
    ]
}